timestamp,voltage_v,frequency_hz
2026-08-04T19:55:00.637771,230.0,50.0
2026-08-04T19:55:04.872268,230.0,50.0
2026-08-04T19:55:09.091423,230.0,50.0
2026-08-04T19:55:13.378593,230.0,50.0
2026-08-04T19:55:17.609629,230.0,50.0
2026-08-04T19:55:21.871057,230.0,50.0
2026-08-04T19:55:26.138803,230.0,50.0
2026-08-04T19:55:30.377410,230.0,50.0
2026-08-04T19:55:34.590486,230.0,50.0
2026-08-04T19:55:38.812086,230.0,50.0
2026-08-04T19:55:43.114341,230.0,50.0
2026-08-04T19:55:47.325704,230.0,50.0
2026-08-04T19:55:51.555984,230.0,50.0
2026-08-04T19:55:55.847172,230.0,50.0
2026-08-04T19:56:00.107833,230.0,50.0
2026-08-04T19:56:04.447494,230.0,50.0
2026-08-04T19:56:08.804716,230.0,50.0
2026-08-04T19:56:13.137967,230.0,50.0
2026-08-04T19:56:17.401735,230.0,50.0
2026-08-04T19:56:21.662407,230.0,50.0
2026-08-04T19:56:25.922708,230.0,50.0
2026-08-04T19:56:30.265512,230.0,50.0
2026-08-04T19:56:34.521697,230.0,50.0
2026-08-04T19:56:38.801190,230.0,50.0
2026-08-04T19:56:43.127063,230.0,50.0
2026-08-04T19:56:47.366391,230.0,50.0
2026-08-04T19:56:51.619850,230.0,50.0
2026-08-04T19:56:55.979444,230.0,50.0
2026-08-04T19:57:00.374706,230.0,50.0
2026-08-04T19:57:04.694074,230.0,50.0
2026-08-04T19:57:08.922176,230.0,50.0
2026-08-04T19:57:13.288204,230.0,50.0
2026-08-04T19:57:17.544858,230.0,50.0
2026-08-04T19:57:21.764252,230.0,50.0
2026-08-04T19:57:26.016242,230.0,50.0
2026-08-04T19:57:30.282339,230.0,50.0
2026-08-04T19:57:34.539719,230.0,50.0
2026-08-04T19:57:38.764894,230.0,50.0
2026-08-04T19:57:43.241079,230.0,50.0
2026-08-04T19:57:47.504597,230.0,50.0
2026-08-04T19:57:51.788230,230.0,50.0
2026-08-04T19:57:56.038097,230.0,50.0
2026-08-04T19:58:00.361656,230.0,50.0
2026-08-04T19:58:04.851048,230.0,50.0
2026-08-04T19:58:09.103294,230.0,50.0
2026-08-04T19:58:13.383370,230.0,50.0
2026-08-04T19:58:17.609691,230.0,50.0
2026-08-04T19:58:21.842870,230.0,50.0
2026-08-04T19:58:26.089613,230.0,50.0
2026-08-04T19:58:30.362425,230.0,50.0
2026-08-04T19:58:34.610667,230.0,50.0
2026-08-04T19:58:38.851036,230.0,50.0
2026-08-04T19:58:43.110047,230.0,50.0
2026-08-04T19:58:47.354769,230.0,50.0
2026-08-04T19:58:51.572979,230.0,50.0
2026-08-04T19:58:55.843900,230.0,50.0
2026-08-04T19:59:00.098668,230.0,50.0
2026-08-04T19:59:04.358335,230.0,50.0
2026-08-04T19:59:08.707763,230.0,50.0
2026-08-04T19:59:12.970704,230.0,50.0
2026-08-04T19:59:17.208604,230.0,50.0
2026-08-04T19:59:21.465191,230.0,50.0
2026-08-04T19:59:25.716593,230.0,50.0
2026-08-04T19:59:29.968001,230.0,50.0
2026-08-04T19:59:34.222300,230.0,50.0
2026-08-04T19:59:38.503887,230.0,50.0
2026-08-04T19:59:42.782805,230.0,50.0
2026-08-04T19:59:47.006603,230.0,50.0
2026-08-04T19:59:51.241690,230.0,50.0
2026-08-04T19:59:55.521658,230.0,50.0
2026-08-04T19:59:59.782684,230.0,50.0
2026-08-04T20:00:04.028954,230.0,50.0
2026-08-04T20:00:08.314329,230.0,50.0
2026-08-04T20:00:12.679006,230.0,50.0
2026-08-04T20:00:16.938755,230.0,50.0
2026-08-04T20:00:21.174775,230.0,50.0
2026-08-04T20:00:25.458608,230.0,50.0
2026-08-04T20:00:29.721585,230.0,50.0
2026-08-04T20:00:33.966137,230.0,50.0
2026-08-04T20:00:38.235181,230.0,50.0
2026-08-04T20:00:42.474502,230.0,50.0
2026-08-04T20:00:46.730869,230.0,50.0
2026-08-04T20:00:50.968902,230.0,50.0
2026-08-04T20:00:55.217417,230.0,50.0
2026-08-04T20:00:59.462010,230.0,50.0
2026-08-04T20:01:03.690904,230.0,50.0
2026-08-04T20:01:07.949253,230.0,50.0
2026-08-04T20:01:12.298738,230.0,50.0
2026-08-04T20:01:16.637983,230.0,50.0
2026-08-04T20:01:20.894578,230.0,50.0
2026-08-04T20:01:25.136753,230.0,50.0
2026-08-04T20:01:29.383688,230.0,50.0
2026-08-04T20:01:33.614286,230.0,50.0
2026-08-04T20:01:37.871918,230.0,50.0
2026-08-04T20:01:42.126944,230.0,50.0
2026-08-04T20:01:46.354561,230.0,50.0
2026-08-04T20:01:50.611226,230.0,50.0
2026-08-04T20:01:54.899111,230.0,50.0
2026-08-04T20:01:59.139869,230.0,50.0
2026-08-04T20:02:03.376545,230.0,50.0
2026-08-04T20:02:07.643063,230.0,50.0
2026-08-04T20:02:11.907097,230.0,50.0
2026-08-04T20:02:16.160374,230.0,50.0
2026-08-04T20:02:20.526302,230.0,50.0
2026-08-04T20:02:24.772087,230.0,50.0
2026-08-04T20:02:29.047389,230.0,50.0
2026-08-04T20:02:33.272286,230.0,50.0
2026-08-04T20:02:37.536922,230.0,50.0
2026-08-04T20:02:41.788356,230.0,50.0
2026-08-04T20:02:46.023572,230.0,50.0
2026-08-04T20:02:50.309334,230.0,50.0
2026-08-04T20:02:54.561664,230.0,50.0
2026-08-04T20:02:58.791578,230.0,50.0
2026-08-04T20:03:03.049664,230.0,50.0
2026-08-04T20:03:07.290565,230.0,50.0
2026-08-04T20:03:11.533203,230.0,50.0
2026-08-04T20:03:15.776452,230.0,50.0
2026-08-04T20:03:20.042544,230.0,50.0
2026-08-04T20:03:24.413268,230.0,50.0
2026-08-04T20:03:28.649202,230.0,50.0
2026-08-04T20:03:32.900678,230.0,50.0
2026-08-04T20:03:37.178009,230.0,50.0
2026-08-04T20:03:41.418118,230.0,50.0
2026-08-04T20:03:45.658460,230.0,50.0
2026-08-04T20:03:49.918297,230.0,50.0
2026-08-04T20:03:54.181249,230.0,50.0
2026-08-04T20:03:58.393608,230.0,50.0
2026-08-04T20:04:02.640659,230.0,50.0
2026-08-04T20:04:06.889122,230.0,50.0
2026-08-04T20:04:11.153389,230.0,50.0
2026-08-04T20:04:15.398173,230.0,50.0
2026-08-04T20:04:19.629981,230.0,50.0
2026-08-04T20:04:23.880974,230.0,50.0
2026-08-04T20:04:28.216278,230.0,50.0
2026-08-04T20:04:32.483113,230.0,50.0
2026-08-04T20:04:36.741090,230.0,50.0
2026-08-04T20:04:40.978809,230.0,50.0
2026-08-04T20:05:40.420057,230.0,50.0
2026-08-04T20:05:49.038499,230.0,50.0
2026-08-04T20:06:00.872320,230.0,50.0
2026-08-04T20:06:07.303044,230.0,50.0
2026-08-04T20:06:13.684611,230.0,50.0
2026-08-04T20:06:20.105162,230.0,50.0
2026-08-04T20:06:26.541033,230.0,50.0
2026-08-04T20:06:32.961768,230.0,50.0
2026-08-04T20:06:39.527743,230.0,50.0
2026-08-04T20:06:46.026620,230.0,50.0
2026-08-04T20:06:52.441173,230.0,50.0
2026-08-04T20:06:58.926274,230.0,50.0
2026-08-04T20:07:05.358794,230.0,50.0
2026-08-04T20:07:11.809069,230.0,50.0
2026-08-04T20:07:18.325291,230.0,50.0
2026-08-04T20:07:24.744031,230.0,50.0
2026-08-04T20:07:31.153158,230.0,50.0
2026-08-04T20:07:37.615007,230.0,50.0
2026-08-04T20:07:44.061246,230.0,50.0
2026-08-04T20:07:50.680066,230.0,50.0
2026-08-04T20:07:57.157358,230.0,50.0
2026-08-04T20:08:03.821073,230.0,50.0
2026-08-04T20:08:10.225894,230.0,50.0
2026-08-04T20:08:17.012763,230.0,50.0
2026-08-04T20:08:23.687825,230.0,50.0
2026-08-04T20:08:30.532522,230.0,50.0
2026-08-04T20:08:36.982302,230.0,50.0
2026-08-04T20:08:43.531060,230.0,50.0
2026-08-04T20:08:50.043086,230.0,50.0
2026-08-04T20:08:56.536385,230.0,50.0
2026-08-04T20:09:02.985604,230.0,50.0
2026-08-04T20:09:09.495387,230.0,50.0
2026-08-04T20:09:14.112033,230.0,50.0
2026-08-04T20:09:18.623431,230.0,50.0
2026-08-04T20:09:23.688068,230.0,50.0
2026-08-04T20:09:28.141502,230.0,50.0
2026-08-04T20:09:32.642205,230.0,50.0
2026-08-04T20:09:37.715034,230.0,50.0
2026-08-04T20:09:42.272604,230.0,50.0
2026-08-04T20:09:46.778102,230.0,50.0
2026-08-04T20:09:51.645928,230.0,50.0
2026-08-04T20:09:56.195559,230.0,50.0
2026-08-04T20:10:00.803465,230.0,50.0
2026-08-04T20:10:05.676162,230.0,50.0
2026-08-04T20:10:10.225256,230.0,50.0
2026-08-04T20:10:14.725935,230.0,50.0
2026-08-04T20:10:19.706504,230.0,50.0
2026-08-04T20:10:24.261634,230.0,50.0
2026-08-04T20:10:28.754339,230.0,50.0
2026-08-04T20:10:33.732522,230.0,50.0
2026-08-04T20:10:38.290165,230.0,50.0
2026-08-04T20:10:42.786194,230.0,50.0
2026-08-04T20:10:47.756749,230.0,50.0
2026-08-04T20:10:52.209788,230.0,50.0
2026-08-04T20:10:56.812611,230.0,50.0
2026-08-04T20:11:01.685082,230.0,50.0
2026-08-04T20:11:06.135897,230.0,50.0
2026-08-04T20:11:10.744602,230.0,50.0
2026-08-04T20:11:15.719986,230.0,50.0
2026-08-04T20:11:20.164891,230.0,50.0
2026-08-04T20:11:24.672328,230.0,50.0
2026-08-04T20:11:29.744882,230.0,50.0
2026-08-04T20:11:34.399489,230.0,50.0
2026-08-04T20:11:38.906820,230.0,50.0
2026-08-04T20:11:43.771033,230.0,50.0
2026-08-04T20:11:48.222436,230.0,50.0
2026-08-04T20:11:52.720557,230.0,50.0
2026-08-04T20:11:57.805676,230.0,50.0
2026-08-04T20:12:02.345265,230.0,50.0
2026-08-04T20:12:06.851230,230.0,50.0
2026-08-04T20:12:11.724833,230.0,50.0
2026-08-04T20:12:16.183761,230.0,50.0
2026-08-04T20:12:20.785093,230.0,50.0
2026-08-04T20:12:25.755862,230.0,50.0
2026-08-04T20:12:30.623770,230.0,50.0
2026-08-04T20:12:35.789995,230.0,50.0
2026-08-04T20:12:40.334382,230.0,50.0
2026-08-04T20:12:44.739235,230.0,50.0
2026-08-04T20:12:49.817935,230.0,50.0
2026-08-04T20:12:54.284842,230.0,50.0
2026-08-04T20:12:58.873368,230.0,50.0
2026-08-04T20:13:03.745703,230.0,50.0
2026-08-04T20:13:08.189671,230.0,50.0
2026-08-04T20:13:12.691256,230.0,50.0
2026-08-04T20:13:17.774899,230.0,50.0
2026-08-04T20:13:22.220098,230.0,50.0
2026-08-04T20:13:26.723345,230.0,50.0
2026-08-04T20:13:31.798730,230.0,50.0
2026-08-04T20:13:36.416278,230.0,50.0
2026-08-04T20:13:40.854883,230.0,50.0
2026-08-04T20:13:45.827704,230.0,50.0
2026-08-04T20:13:50.239281,230.0,50.0
2026-08-04T20:13:54.886488,230.0,50.0
2026-08-04T20:13:59.862669,230.0,50.0
2026-08-04T20:14:04.307119,230.0,50.0
2026-08-04T20:14:08.816697,230.0,50.0
2026-08-04T20:14:13.787003,230.0,50.0
2026-08-04T20:14:18.236220,230.0,50.0
2026-08-04T20:14:22.734212,230.0,50.0
2026-08-04T20:14:27.816430,230.0,50.0
2026-08-04T20:14:32.369772,230.0,50.0
2026-08-04T20:14:36.879945,230.0,50.0
2026-08-04T20:14:41.787503,230.0,50.0
2026-08-04T20:14:46.286879,230.0,50.0
2026-08-04T20:14:50.795060,230.0,50.0
2026-08-04T20:14:55.870320,230.0,50.0
2026-08-04T20:15:00.428998,230.0,50.0
2026-08-04T20:15:04.925663,230.0,50.0
2026-08-04T20:15:10.047833,230.0,50.0
2026-08-04T20:15:14.560892,230.0,50.0
2026-08-04T20:15:19.834360,230.0,50.0
2026-08-04T20:15:24.393206,230.0,50.0
2026-08-04T20:15:28.890648,230.0,50.0
2026-08-04T20:15:33.863032,230.0,50.0
2026-08-04T20:15:38.405515,230.0,50.0
2026-08-04T20:15:42.910859,230.0,50.0
2026-08-04T20:15:47.895863,230.0,50.0
2026-08-04T20:15:52.438525,230.0,50.0
2026-08-04T20:15:56.938861,230.0,50.0
2026-08-04T20:16:01.919078,230.0,50.0
2026-08-04T20:16:06.364976,230.0,50.0
2026-08-04T20:16:10.867697,230.0,50.0
2026-08-04T20:16:15.863223,230.0,50.0
2026-08-04T20:16:20.394048,230.0,50.0
2026-08-04T20:16:24.904709,230.0,50.0
2026-08-04T20:16:29.876767,230.0,50.0
2026-08-04T20:16:34.431745,230.0,50.0
2026-08-04T20:16:38.929445,230.0,50.0
2026-08-04T20:16:43.903716,230.0,50.0
2026-08-04T20:16:48.458224,230.0,50.0
2026-08-04T20:16:52.966077,230.0,50.0
2026-08-04T20:16:57.935934,230.0,50.0
2026-08-04T20:17:02.587626,230.0,50.0
2026-08-04T20:17:07.095759,230.0,50.0
2026-08-04T20:17:11.967576,230.0,50.0
2026-08-04T20:17:16.517523,230.0,50.0
2026-08-04T20:17:21.900735,230.0,50.0
2026-08-04T20:17:26.855645,230.0,50.0
2026-08-04T20:17:31.928659,230.0,50.0
2026-08-04T20:17:36.576906,230.0,50.0
2026-08-04T20:17:41.083374,230.0,50.0
2026-08-04T20:17:45.903164,230.0,50.0
2026-08-04T20:17:50.710300,230.0,50.0
2026-08-04T20:17:55.892538,230.0,50.0
2026-08-04T20:18:00.342509,230.0,50.0
2026-08-04T20:18:04.889479,230.0,50.0
2026-08-04T20:18:09.918599,230.0,50.0
2026-08-04T20:18:14.468379,230.0,50.0
2026-08-04T20:18:18.971786,230.0,50.0
2026-08-04T20:18:23.892298,230.0,50.0
2026-08-04T20:18:28.403218,230.0,50.0
2026-08-04T20:18:33.101546,230.0,50.0
2026-08-04T20:18:37.976464,230.0,50.0
2026-08-04T20:18:42.634722,230.0,50.0
2026-08-04T20:18:47.132748,230.0,50.0
2026-08-04T20:18:52.011416,230.0,50.0
2026-08-04T20:18:56.454979,230.0,50.0
2026-08-04T20:19:00.950487,230.0,50.0
2026-08-04T20:19:05.930553,230.0,50.0
2026-08-04T20:19:10.590888,230.0,50.0
2026-08-04T20:19:15.090056,230.0,50.0
2026-08-04T20:19:19.962206,230.0,50.0
2026-08-04T20:19:24.407165,230.0,50.0
2026-08-04T20:19:28.912293,230.0,50.0
2026-08-04T20:19:33.986249,230.0,50.0
2026-08-04T20:19:38.428290,230.0,50.0
2026-08-04T20:19:42.942264,230.0,50.0
2026-08-04T20:19:48.017006,230.0,50.0
2026-08-04T20:19:52.563942,230.0,50.0
2026-08-04T20:19:57.179815,230.0,50.0
2026-08-04T20:20:01.943715,230.0,50.0
2026-08-04T20:20:06.800987,230.0,50.0
2026-08-04T20:20:11.979643,230.0,50.0
2026-08-04T20:20:16.535685,230.0,50.0
2026-08-04T20:20:21.030566,230.0,50.0
2026-08-04T20:20:26.006296,230.0,50.0
2026-08-04T20:20:30.550252,230.0,50.0
2026-08-04T20:20:35.172778,230.0,50.0
2026-08-04T20:20:40.039938,230.0,50.0
2026-08-04T20:20:44.582961,230.0,50.0
2026-08-04T20:20:49.086685,230.0,50.0
2026-08-04T20:20:54.075913,230.0,50.0
2026-08-04T20:20:58.505635,230.0,50.0
2026-08-04T20:21:03.230501,230.0,50.0
2026-08-04T20:21:07.981244,230.0,50.0
2026-08-04T20:21:12.538249,230.0,50.0
2026-08-04T20:21:17.042818,230.0,50.0
2026-08-04T20:21:22.018503,230.0,50.0
2026-08-04T20:21:26.562936,230.0,50.0
2026-08-04T20:21:31.069362,230.0,50.0
2026-08-04T20:21:36.047395,230.0,50.0
2026-08-04T20:21:40.701959,230.0,50.0
2026-08-04T20:21:45.211123,230.0,50.0
2026-08-04T20:21:50.079091,230.0,50.0
2026-08-04T20:21:54.654565,230.0,50.0
2026-08-04T20:21:59.129143,230.0,50.0
2026-08-04T20:22:04.008365,230.0,50.0
2026-08-04T20:22:08.656168,230.0,50.0
2026-08-04T20:22:13.182280,230.0,50.0
2026-08-04T20:22:18.033686,230.0,50.0
2026-08-04T20:22:22.485892,230.0,50.0
2026-08-04T20:22:27.186574,230.0,50.0
2026-08-04T20:22:32.055843,230.0,50.0
2026-08-04T20:22:36.500848,230.0,50.0
2026-08-04T20:22:41.013333,230.0,50.0
2026-08-04T20:22:46.088139,230.0,50.0
2026-08-04T20:22:50.637520,230.0,50.0
2026-08-04T20:22:55.134955,230.0,50.0
2026-08-04T20:23:00.123329,230.0,50.0
2026-08-04T20:23:04.666727,230.0,50.0
2026-08-04T20:23:09.277718,230.0,50.0
2026-08-04T20:23:14.053586,230.0,50.0
2026-08-04T20:23:18.602974,230.0,50.0
2026-08-04T20:23:23.102286,230.0,50.0
2026-08-04T20:23:28.069009,230.0,50.0
2026-08-04T20:23:32.512010,230.0,50.0
2026-08-04T20:23:37.021656,230.0,50.0
2026-08-04T20:23:42.102584,230.0,50.0
2026-08-04T20:23:46.546178,230.0,50.0
2026-08-04T20:23:51.154478,230.0,50.0
2026-08-04T20:23:56.128564,230.0,50.0
2026-08-04T20:24:00.674742,230.0,50.0
2026-08-04T20:24:05.194999,230.0,50.0
2026-08-04T20:24:10.065091,230.0,50.0
2026-08-04T20:24:14.496653,230.0,50.0
2026-08-04T20:24:19.015128,230.0,50.0
2026-08-04T20:24:24.085812,230.0,50.0
2026-08-04T20:24:28.629919,230.0,50.0
2026-08-04T20:24:33.143981,230.0,50.0
2026-08-04T20:24:38.110417,230.0,50.0
2026-08-04T20:24:42.660598,230.0,50.0
2026-08-04T20:24:47.165012,230.0,50.0
2026-08-04T20:24:52.143290,230.0,50.0
2026-08-04T20:24:57.003072,230.0,50.0
2026-08-04T20:25:02.175642,230.0,50.0
2026-08-04T20:25:06.829501,230.0,50.0
2026-08-04T20:25:12.107130,230.0,50.0
2026-08-04T20:25:16.757480,230.0,50.0
2026-08-04T20:25:21.161270,230.0,50.0
2026-08-04T20:25:26.136672,230.0,50.0
2026-08-04T20:25:30.593982,230.0,50.0
2026-08-04T20:25:35.094847,230.0,50.0
2026-08-04T20:25:40.164874,230.0,50.0
2026-08-04T20:25:44.717878,230.0,50.0
2026-08-04T20:25:49.218508,230.0,50.0
2026-08-04T20:25:54.196257,230.0,50.0
2026-08-04T20:25:58.642199,230.0,50.0
2026-08-04T20:26:03.156684,230.0,50.0
2026-08-04T20:26:08.123336,230.0,50.0
2026-08-04T20:26:12.767755,230.0,50.0
2026-08-04T20:26:17.276584,230.0,50.0
2026-08-04T20:26:22.155763,230.0,50.0
2026-08-04T20:26:26.598775,230.0,50.0
2026-08-04T20:26:31.310979,230.0,50.0
2026-08-04T20:26:36.182550,230.0,50.0
2026-08-04T20:26:40.735464,230.0,50.0
2026-08-04T20:26:45.192493,230.0,50.0
2026-08-04T20:26:50.207302,230.0,50.0
2026-08-04T20:26:54.648722,230.0,50.0
2026-08-04T20:26:59.155212,230.0,50.0
2026-08-04T20:27:04.234085,230.0,50.0
2026-08-04T20:27:08.788690,230.0,50.0
2026-08-04T20:27:13.356103,230.0,50.0
2026-08-04T20:27:18.159799,230.0,50.0
2026-08-04T20:27:22.556629,230.0,50.0
2026-08-04T20:27:27.014618,230.0,50.0
2026-08-04T20:27:32.197479,230.0,50.0
2026-08-04T20:27:36.741075,230.0,50.0
2026-08-04T20:27:41.247209,230.0,50.0
2026-08-04T20:27:46.219089,230.0,50.0
2026-08-04T20:27:50.665979,230.0,50.0
2026-08-04T20:27:55.164574,230.0,50.0
2026-08-04T20:28:00.253384,230.0,50.0
2026-08-04T20:28:04.692284,230.0,50.0
2026-08-04T20:28:09.199161,230.0,50.0
2026-08-04T20:28:14.279206,230.0,50.0
2026-08-04T20:28:18.732568,230.0,50.0
2026-08-04T20:28:23.337309,230.0,50.0
2026-08-04T20:28:28.207031,230.0,50.0
2026-08-04T20:28:32.759078,230.0,50.0
2026-08-04T20:28:37.253472,230.0,50.0
2026-08-04T20:28:42.230953,230.0,50.0
2026-08-04T20:28:46.679366,230.0,50.0
2026-08-04T20:28:51.184526,230.0,50.0
2026-08-04T20:28:56.257731,230.0,50.0
2026-08-04T20:29:00.814521,230.0,50.0
2026-08-04T20:29:05.323376,230.0,50.0
2026-08-04T20:29:10.289258,230.0,50.0
2026-08-04T20:29:14.840419,230.0,50.0
2026-08-04T20:29:19.352316,230.0,50.0
2026-08-04T20:29:24.321760,230.0,50.0
2026-08-04T20:29:28.872589,230.0,50.0
2026-08-04T20:29:33.366515,230.0,50.0
2026-08-04T20:29:38.242968,230.0,50.0
2026-08-04T20:29:42.690687,230.0,50.0
2026-08-04T20:29:47.400227,230.0,50.0
2026-08-04T20:29:52.275351,230.0,50.0
2026-08-04T20:29:56.829283,230.0,50.0
2026-08-04T20:30:01.323957,230.0,50.0
2026-08-04T20:30:06.235117,230.0,50.0
2026-08-04T20:30:10.844140,230.0,50.0
2026-08-04T20:30:16.343610,230.0,50.0
2026-08-04T20:30:20.788979,230.0,50.0
2026-08-04T20:30:25.392947,230.0,50.0
2026-08-04T20:30:30.265479,230.0,50.0
2026-08-04T20:30:35.123287,230.0,50.0
2026-08-04T20:30:40.296759,230.0,50.0
2026-08-04T20:30:44.744130,230.0,50.0
2026-08-04T20:30:49.255964,230.0,50.0
2026-08-04T20:30:54.329876,230.0,50.0
2026-08-04T20:30:59.300197,230.0,50.0
2026-08-04T20:31:04.362610,230.0,50.0
2026-08-04T20:31:08.759922,230.0,50.0
2026-08-04T20:31:13.318839,230.0,50.0
2026-08-04T20:31:18.292819,230.0,50.0
2026-08-04T20:31:22.833004,230.0,50.0
2026-08-04T20:31:27.336824,230.0,50.0
2026-08-04T20:31:32.320351,230.0,50.0
2026-08-04T20:31:36.764171,230.0,50.0
2026-08-04T20:31:41.275671,230.0,50.0
2026-08-04T20:31:46.346109,230.0,50.0
2026-08-04T20:31:51.000996,230.0,50.0
2026-08-04T20:31:55.499350,230.0,50.0
2026-08-04T20:32:00.374200,230.0,50.0
2026-08-04T20:32:04.816910,230.0,50.0
2026-08-04T20:32:09.427447,230.0,50.0
2026-08-04T20:32:14.403300,230.0,50.0
2026-08-04T20:32:19.057560,230.0,50.0
2026-08-04T20:32:23.567794,230.0,50.0
2026-08-04T20:32:28.682316,230.0,50.0
2026-08-04T20:32:33.190219,230.0,50.0
2026-08-04T20:32:38.368970,230.0,50.0
2026-08-04T20:32:42.813726,230.0,50.0
2026-08-04T20:32:47.315763,230.0,50.0
2026-08-04T20:32:52.409255,230.0,50.0
2026-08-04T20:32:56.889061,230.0,50.0
2026-08-04T20:33:01.342583,230.0,50.0
2026-08-04T20:33:06.422231,230.0,50.0
2026-08-04T20:33:10.870423,230.0,50.0
2026-08-04T20:33:15.478745,230.0,50.0
2026-08-04T20:33:20.350652,230.0,50.0
2026-08-04T20:33:24.896808,230.0,50.0
2026-08-04T20:33:29.405958,230.0,50.0
2026-08-04T20:33:34.376724,230.0,50.0
2026-08-04T20:33:38.829080,230.0,50.0
2026-08-04T20:33:43.331445,230.0,50.0
2026-08-04T20:33:48.400798,230.0,50.0
2026-08-04T20:33:52.960906,230.0,50.0
2026-08-04T20:33:57.463434,230.0,50.0
2026-08-04T20:34:02.433613,230.0,50.0
2026-08-04T20:34:06.872579,230.0,50.0
2026-08-04T20:34:11.386178,230.0,50.0
2026-08-04T20:34:16.458231,230.0,50.0
2026-08-04T20:34:21.114723,230.0,50.0
2026-08-04T20:34:25.617917,230.0,50.0
2026-08-04T20:34:30.390308,230.0,50.0
2026-08-04T20:34:34.941533,230.0,50.0
2026-08-04T20:34:39.450195,230.0,50.0
2026-08-04T20:34:44.418118,230.0,50.0
2026-08-04T20:34:48.864447,230.0,50.0
2026-08-04T20:34:53.376787,230.0,50.0
2026-08-04T20:34:58.446006,230.0,50.0
2026-08-04T20:35:02.899105,230.0,50.0
2026-08-04T20:35:07.402159,230.0,50.0
2026-08-04T20:35:12.472073,230.0,50.0
2026-08-04T20:35:17.023495,230.0,50.0
2026-08-04T20:35:21.635663,230.0,50.0
2026-08-04T20:35:26.399680,230.0,50.0
2026-08-04T20:35:30.850042,230.0,50.0
2026-08-04T20:35:35.454565,230.0,50.0
2026-08-04T20:35:40.426717,230.0,50.0
2026-08-04T20:35:44.981766,230.0,50.0
2026-08-04T20:35:49.483112,230.0,50.0
2026-08-04T20:35:54.452344,230.0,50.0
2026-08-04T20:35:58.908146,230.0,50.0
2026-08-04T20:36:03.420959,230.0,50.0
2026-08-04T20:36:08.486457,230.0,50.0
2026-08-04T20:36:13.136808,230.0,50.0
2026-08-04T20:36:17.612260,230.0,50.0
2026-08-04T20:36:22.513798,230.0,50.0
2026-08-04T20:36:27.073954,230.0,50.0
2026-08-04T20:36:31.671331,230.0,50.0
2026-08-04T20:36:36.445966,230.0,50.0
2026-08-04T20:36:40.989542,230.0,50.0
2026-08-04T20:36:45.497981,230.0,50.0
2026-08-04T20:36:50.466278,230.0,50.0
2026-08-04T20:36:54.913936,230.0,50.0
2026-08-04T20:36:59.429080,230.0,50.0
2026-08-04T20:37:04.510093,230.0,50.0
2026-08-04T20:37:09.046095,230.0,50.0
2026-08-04T20:37:13.556753,230.0,50.0
2026-08-04T20:37:18.524819,230.0,50.0
2026-08-04T20:37:23.078470,230.0,50.0
2026-08-04T20:37:28.464469,230.0,50.0
2026-08-04T20:37:33.011036,230.0,50.0
2026-08-04T20:37:37.516224,230.0,50.0
2026-08-04T20:37:42.489374,230.0,50.0
2026-08-04T20:37:47.037865,230.0,50.0
2026-08-04T20:37:51.539327,230.0,50.0
2026-08-04T20:37:56.513056,230.0,50.0
2026-08-04T20:38:00.973211,230.0,50.0
2026-08-04T20:38:05.471153,230.0,50.0
2026-08-04T20:38:10.546156,230.0,50.0
2026-08-04T20:38:15.205479,230.0,50.0
2026-08-04T20:38:19.710427,230.0,50.0
2026-08-04T20:38:24.576247,230.0,50.0
2026-08-04T20:38:29.020591,230.0,50.0
2026-08-04T20:38:33.522952,230.0,50.0
2026-08-04T20:38:38.495962,230.0,50.0
2026-08-04T20:38:42.951216,230.0,50.0
2026-08-04T20:38:47.457447,230.0,50.0
2026-08-04T20:38:52.637653,230.0,50.0
2026-08-04T20:38:57.081935,230.0,50.0
2026-08-04T20:39:01.582844,230.0,50.0
2026-08-04T20:39:06.558637,230.0,50.0
2026-08-04T20:39:11.116843,230.0,50.0
2026-08-04T20:39:15.607718,230.0,50.0
2026-08-04T20:39:20.585868,230.0,50.0
2026-08-04T20:39:25.128714,230.0,50.0
2026-08-04T20:39:29.649601,230.0,50.0
2026-08-04T20:39:34.613063,230.0,50.0
2026-08-04T20:39:39.271246,230.0,50.0
2026-08-04T20:39:43.770850,230.0,50.0
2026-08-04T20:39:48.539280,230.0,50.0
2026-08-04T20:39:52.984326,230.0,50.0
2026-08-04T20:39:57.497292,230.0,50.0
2026-08-04T20:40:02.569822,230.0,50.0
2026-08-04T20:40:07.122010,230.0,50.0
2026-08-04T20:40:11.627118,230.0,50.0
2026-08-04T20:40:16.600669,230.0,50.0
2026-08-04T20:40:21.046219,230.0,50.0
2026-08-04T20:40:25.658030,230.0,50.0
2026-08-04T20:40:30.629707,230.0,50.0
2026-08-04T20:40:35.180075,230.0,50.0
2026-08-04T20:40:39.685624,230.0,50.0
2026-08-04T20:40:44.553073,230.0,50.0
2026-08-04T20:40:48.965255,230.0,50.0
2026-08-04T20:40:53.506573,230.0,50.0
2026-08-04T20:40:58.583065,230.0,50.0
2026-08-04T20:41:03.124399,230.0,50.0
2026-08-04T20:41:07.646544,230.0,50.0
2026-08-04T20:41:12.610419,230.0,50.0
2026-08-04T20:41:17.063883,230.0,50.0
2026-08-04T20:41:21.558079,230.0,50.0
2026-08-04T20:41:26.637830,230.0,50.0
2026-08-04T20:41:31.191291,230.0,50.0
2026-08-04T20:41:35.707970,230.0,50.0
2026-08-04T20:41:40.669061,230.0,50.0
2026-08-04T20:41:45.118907,230.0,50.0
2026-08-04T20:41:49.737757,230.0,50.0
2026-08-04T20:41:54.598569,230.0,50.0
2026-08-04T20:41:59.146196,230.0,50.0
2026-08-04T20:42:03.645716,230.0,50.0
2026-08-04T20:42:08.625446,230.0,50.0
2026-08-04T20:42:13.076734,230.0,50.0
2026-08-04T20:42:17.680440,230.0,50.0
2026-08-04T20:42:22.653352,230.0,50.0
2026-08-04T20:42:27.412146,230.0,50.0
2026-08-04T20:42:32.690022,230.0,50.0
2026-08-04T20:42:37.238271,230.0,50.0
2026-08-04T20:42:41.740086,230.0,50.0
2026-08-04T20:42:46.830550,230.0,50.0
2026-08-04T20:42:51.375176,230.0,50.0
2026-08-04T20:42:55.869766,230.0,50.0
2026-08-04T20:43:00.850148,230.0,50.0
2026-08-04T20:43:05.397541,230.0,50.0
2026-08-04T20:43:09.908169,230.0,50.0
2026-08-04T20:43:14.627574,230.0,50.0
2026-08-04T20:43:19.090709,230.0,50.0
2026-08-04T20:43:23.625419,230.0,50.0
2026-08-04T20:43:28.806612,230.0,50.0
2026-08-04T20:43:33.348148,230.0,50.0
2026-08-04T20:43:37.857540,230.0,50.0
2026-08-04T20:43:42.830250,230.0,50.0
2026-08-04T20:43:47.274354,230.0,50.0
2026-08-04T20:43:51.777378,230.0,50.0
2026-08-04T20:43:56.767392,230.0,50.0
2026-08-04T20:44:01.308764,230.0,50.0
2026-08-04T20:44:05.804811,230.0,50.0
2026-08-04T20:44:10.794170,230.0,50.0
2026-08-04T20:44:15.230242,230.0,50.0
2026-08-04T20:44:19.733618,230.0,50.0
2026-08-04T20:44:24.716331,230.0,50.0
2026-08-04T20:44:29.261480,230.0,50.0
2026-08-04T20:44:33.763775,230.0,50.0
2026-08-04T20:44:38.743132,230.0,50.0
2026-08-04T20:44:43.189438,230.0,50.0
2026-08-04T20:44:47.691843,230.0,50.0
2026-08-04T20:44:52.782004,230.0,50.0
2026-08-04T20:44:57.208598,230.0,50.0
2026-08-04T20:45:01.611907,230.0,50.0
2026-08-04T20:45:06.700573,230.0,50.0
2026-08-04T20:45:11.145609,230.0,50.0
2026-08-04T20:45:15.640655,230.0,50.0
2026-08-04T20:45:20.729946,230.0,50.0
2026-08-04T20:45:25.271617,230.0,50.0
2026-08-04T20:45:29.884963,230.0,50.0
2026-08-04T20:45:34.754651,230.0,50.0
2026-08-04T20:45:39.200745,230.0,50.0
2026-08-04T20:45:43.702823,230.0,50.0
2026-08-04T20:45:48.784215,230.0,50.0
2026-08-04T20:45:53.331495,230.0,50.0
2026-08-04T20:45:57.835606,230.0,50.0
2026-08-04T20:46:02.707165,230.0,50.0
2026-08-04T20:46:07.114717,230.0,50.0
2026-08-04T20:46:11.657934,230.0,50.0
2026-08-04T20:46:16.740013,230.0,50.0
2026-08-04T20:46:21.288166,230.0,50.0
2026-08-04T20:46:25.798866,230.0,50.0
2026-08-04T20:46:30.766867,230.0,50.0
2026-08-04T20:46:35.208090,230.0,50.0
2026-08-04T20:46:39.711206,230.0,50.0
2026-08-04T20:46:44.795119,230.0,50.0
2026-08-04T20:46:49.338748,230.0,50.0
2026-08-04T20:46:53.853161,230.0,50.0
2026-08-04T20:46:58.829132,230.0,50.0
2026-08-04T20:47:03.377728,230.0,50.0
2026-08-04T20:47:07.880698,230.0,50.0
2026-08-04T20:47:12.750543,230.0,50.0
2026-08-04T20:47:17.204459,230.0,50.0
2026-08-04T20:47:21.704127,230.0,50.0
2026-08-04T20:47:26.778863,230.0,50.0
2026-08-04T20:47:31.328686,230.0,50.0
2026-08-04T20:47:35.828938,230.0,50.0
2026-08-04T20:47:40.808975,230.0,50.0
2026-08-04T20:47:45.352991,230.0,50.0
2026-08-04T20:47:49.859976,230.0,50.0
2026-08-04T20:47:54.836546,230.0,50.0
2026-08-04T20:47:59.284560,230.0,50.0
2026-08-04T20:48:03.897354,230.0,50.0
2026-08-04T20:48:08.864094,230.0,50.0
2026-08-04T20:48:13.305831,230.0,50.0
2026-08-04T20:48:17.818655,230.0,50.0
2026-08-04T20:48:22.793711,230.0,50.0
2026-08-04T20:48:27.233731,230.0,50.0
2026-08-04T20:48:31.841538,230.0,50.0
2026-08-04T20:48:36.821288,230.0,50.0
2026-08-04T20:48:41.373684,230.0,50.0
2026-08-04T20:48:45.877146,230.0,50.0
2026-08-04T20:48:50.844661,230.0,50.0
2026-08-04T20:48:55.393056,230.0,50.0
2026-08-04T20:48:59.997006,230.0,50.0
2026-08-04T20:49:04.877352,230.0,50.0
2026-08-04T20:49:09.529195,230.0,50.0
2026-08-04T20:49:14.030087,230.0,50.0
2026-08-04T20:49:19.016372,230.0,50.0
2026-08-04T20:49:23.451293,230.0,50.0
2026-08-04T20:49:28.061953,230.0,50.0
2026-08-04T20:49:32.805203,230.0,50.0
2026-08-04T20:49:37.279855,230.0,50.0
2026-08-04T20:49:41.734671,230.0,50.0
2026-08-04T20:49:46.862000,230.0,50.0
2026-08-04T20:49:51.376138,230.0,50.0
2026-08-04T20:49:55.913359,230.0,50.0
2026-08-04T20:50:00.892094,230.0,50.0
2026-08-04T20:50:05.442742,230.0,50.0
2026-08-04T20:50:09.948770,230.0,50.0
2026-08-04T20:50:14.920371,230.0,50.0
2026-08-04T20:50:19.361129,230.0,50.0
2026-08-04T20:50:24.076771,230.0,50.0
2026-08-04T20:50:28.848065,230.0,50.0
2026-08-04T20:50:33.394281,230.0,50.0
2026-08-04T20:50:37.892782,230.0,50.0
2026-08-04T20:50:42.866888,230.0,50.0
2026-08-04T20:50:47.322145,230.0,50.0
2026-08-04T20:50:51.820241,230.0,50.0
2026-08-04T20:50:56.899500,230.0,50.0
2026-08-04T20:51:01.434609,230.0,50.0
2026-08-04T20:51:05.954265,230.0,50.0
2026-08-04T20:51:10.933586,230.0,50.0
2026-08-04T20:51:15.373422,230.0,50.0
2026-08-04T20:51:19.882385,230.0,50.0
2026-08-04T20:51:24.963050,230.0,50.0
2026-08-04T20:51:29.608897,230.0,50.0
2026-08-04T20:51:35.076222,230.0,50.0
2026-08-04T20:51:39.852705,230.0,50.0
2026-08-04T20:51:45.101277,230.0,50.0
2026-08-04T20:51:49.987527,230.0,50.0
2026-08-04T20:51:56.890329,230.0,50.0
2026-08-04T20:52:03.581463,230.0,50.0
2026-08-04T20:52:10.095291,230.0,50.0
2026-08-04T20:52:16.710331,230.0,50.0
2026-08-04T20:52:23.368523,230.0,50.0
2026-08-04T20:52:29.919178,230.0,50.0
2026-08-04T20:52:36.634726,230.0,50.0
2026-08-04T20:52:43.019101,230.0,50.0
2026-08-04T20:52:49.481735,230.0,50.0
2026-08-04T20:52:55.886019,230.0,50.0
2026-08-04T20:53:02.320550,230.0,50.0
2026-08-04T20:53:08.745993,230.0,50.0
2026-08-04T20:53:15.140428,230.0,50.0
2026-08-04T20:53:21.537328,230.0,50.0
2026-08-04T20:53:27.912351,230.0,50.0
2026-08-04T20:53:34.360016,230.0,50.0
2026-08-04T20:53:40.886896,230.0,50.0
2026-08-04T20:53:47.296383,230.0,50.0
2026-08-04T20:53:53.674204,230.0,50.0
2026-08-04T20:54:00.061175,230.0,50.0
2026-08-04T20:54:06.490977,230.0,50.0
2026-08-04T20:54:12.865835,230.0,50.0
2026-08-04T20:54:19.253427,230.0,50.0
2026-08-04T20:54:25.646833,230.0,50.0
2026-08-04T20:54:32.027764,230.0,50.0
2026-08-04T20:54:38.459590,230.0,50.0
2026-08-04T20:54:44.952602,230.0,50.0
2026-08-04T20:54:51.336671,230.0,50.0
2026-08-04T20:54:57.723769,230.0,50.0
2026-08-04T20:55:04.102407,230.0,50.0
2026-08-04T20:55:10.504391,230.0,50.0
2026-08-04T20:55:16.898401,230.0,50.0
2026-08-04T20:55:23.314596,230.0,50.0
2026-08-04T20:55:29.813068,230.0,50.0
2026-08-04T20:55:36.245292,230.0,50.0
2026-08-04T20:55:42.662703,230.0,50.0
2026-08-04T20:55:49.171866,230.0,50.0
2026-08-04T20:55:55.570995,230.0,50.0
2026-08-04T20:56:01.991371,230.0,50.0
2026-08-04T20:56:08.423390,230.0,50.0
2026-08-04T20:56:14.837586,230.0,50.0
2026-08-04T20:56:21.235611,230.0,50.0
2026-08-04T20:56:27.627497,230.0,50.0
2026-08-04T20:56:34.065063,230.0,50.0
2026-08-04T20:56:40.499660,230.0,50.0
2026-08-04T20:56:46.941716,230.0,50.0
2026-08-04T20:56:53.385357,230.0,50.0
2026-08-04T20:56:59.722289,230.0,50.0
2026-08-04T20:57:06.193569,230.0,50.0
2026-08-04T20:57:12.563065,230.0,50.0
2026-08-04T20:57:18.951077,230.0,50.0
2026-08-04T20:57:25.321768,230.0,50.0
2026-08-04T20:57:31.695400,230.0,50.0
2026-08-04T20:57:38.068370,230.0,50.0
2026-08-04T20:57:44.456254,230.0,50.0
2026-08-04T20:57:50.835512,230.0,50.0
2026-08-04T20:57:57.315527,230.0,50.0
2026-08-04T20:58:03.693355,230.0,50.0
2026-08-04T20:58:10.083829,230.0,50.0
2026-08-04T20:58:16.488175,230.0,50.0
2026-08-04T20:58:21.304591,230.0,50.0
2026-08-04T20:58:26.060584,230.0,50.0
2026-08-04T20:58:31.142849,230.0,50.0
2026-08-04T20:58:35.586494,230.0,50.0
2026-08-04T20:58:40.097454,230.0,50.0
2026-08-04T20:58:45.169875,230.0,50.0
2026-08-04T21:24:38.412896,230.0,50.0
2026-08-04T21:24:42.408487,230.0,50.0
2026-08-04T21:24:45.659855,230.0,50.0
2026-08-04T21:24:48.924595,230.0,50.0
2026-08-04T21:24:52.411700,230.0,50.0
2026-08-04T21:24:55.712986,230.0,50.0
2026-08-04T21:24:59.001731,230.0,50.0
2026-08-04T21:25:02.406507,230.0,50.0
2026-08-04T21:25:06.405416,230.0,50.0
2026-08-04T21:25:09.624271,230.0,50.0
2026-08-04T21:25:12.917142,230.0,50.0
2026-08-04T21:25:16.406439,230.0,50.0
2026-08-04T21:25:19.642515,230.0,50.0
2026-08-04T21:25:22.930126,230.0,50.0
2026-08-04T21:25:26.407375,230.0,50.0
2026-08-04T21:25:29.702394,230.0,50.0
2026-08-04T21:25:32.955211,230.0,50.0
2026-08-04T21:25:36.405052,230.0,50.0
2026-08-04T21:25:40.410512,230.0,50.0
2026-08-04T21:25:44.406239,230.0,50.0
2026-08-04T21:25:47.704076,230.0,50.0
2026-08-04T21:25:53.502330,230.0,50.0
2026-08-04T21:25:56.827797,230.0,50.0
2026-08-04T21:26:00.407401,230.0,50.0
2026-08-04T21:26:04.406355,230.0,50.0
2026-08-04T21:26:10.412078,230.0,50.0
2026-08-04T21:26:13.686780,230.0,50.0
2026-08-04T21:26:17.014747,230.0,50.0
2026-08-04T21:26:20.485520,230.0,50.0
2026-08-04T21:26:24.404776,230.0,50.0
2026-08-04T21:26:27.691653,230.0,50.0
2026-08-04T21:26:30.917331,230.0,50.0
2026-08-04T21:26:34.404592,230.0,50.0
2026-08-04T21:26:37.691667,230.0,50.0
2026-08-04T21:26:41.113404,230.0,50.0
2026-08-04T21:26:44.544188,230.0,50.0
2026-08-04T21:26:48.404790,230.0,50.0
2026-08-04T21:26:51.644333,230.0,50.0
2026-08-04T21:26:54.981601,230.0,50.0
2026-08-04T21:27:00.894851,230.0,50.0
2026-08-04T21:27:04.403775,230.0,50.0
2026-08-04T21:27:08.404721,230.0,50.0
2026-08-04T21:27:11.683983,230.0,50.0
2026-08-04T21:27:14.958474,230.0,50.0
2026-08-04T21:27:18.490112,230.0,50.0
2026-08-04T21:27:22.406985,230.0,50.0
2026-08-04T21:27:26.417961,230.0,50.0
2026-08-04T21:27:29.695883,230.0,50.0
2026-08-04T21:27:32.972209,230.0,50.0
2026-08-04T21:27:38.758864,230.0,50.0
2026-08-04T21:27:42.404153,230.0,50.0
2026-08-04T21:27:45.700071,230.0,50.0
2026-08-04T21:27:48.975503,230.0,50.0
2026-08-04T21:27:52.415373,230.0,50.0
2026-08-04T21:27:56.403477,230.0,50.0
2026-08-04T21:27:59.699640,230.0,50.0
2026-08-04T21:28:02.997096,230.0,50.0
2026-08-04T21:28:06.404781,230.0,50.0
2026-08-04T21:28:09.690017,230.0,50.0
2026-08-04T21:28:12.925487,230.0,50.0
2026-08-04T21:28:16.413467,230.0,50.0
2026-08-04T21:28:20.404695,230.0,50.0
2026-08-04T21:28:23.658722,230.0,50.0
2026-08-04T21:28:26.965369,230.0,50.0
2026-08-04T21:28:30.407529,230.0,50.0
2026-08-04T21:28:33.710842,230.0,50.0
2026-08-04T21:28:36.973461,230.0,50.0
2026-08-04T21:28:40.408638,230.0,50.0
2026-08-04T21:28:43.623424,230.0,50.0
2026-08-04T21:28:46.905117,230.0,50.0
2026-08-04T21:28:50.406372,230.0,50.0
2026-08-04T21:28:53.669331,230.0,50.0
2026-08-04T21:28:56.950941,230.0,50.0
2026-08-04T21:29:00.408098,230.0,50.0
2026-08-04T21:29:03.711859,230.0,50.0
2026-08-04T21:29:06.967039,230.0,50.0
2026-08-04T21:29:10.408362,230.0,50.0
2026-08-04T21:29:13.640467,230.0,50.0
2026-08-04T21:29:16.905866,230.0,50.0
2026-08-04T21:29:20.406891,230.0,50.0
2026-08-04T21:29:26.446509,230.0,50.0
2026-08-04T21:29:29.699689,230.0,50.0
2026-08-04T21:29:32.999719,230.0,50.0
2026-08-04T21:29:36.418703,230.0,50.0
2026-08-04T21:29:39.639578,230.0,50.0
2026-08-04T21:29:43.003082,230.0,50.0
2026-08-04T21:29:46.409998,230.0,50.0
2026-08-04T21:29:52.973722,230.0,50.0
2026-08-04T21:29:56.574026,230.0,50.0
2026-08-04T21:29:59.815998,230.0,50.0
2026-08-04T21:30:03.383239,230.0,50.0
2026-08-04T21:30:06.565954,230.0,50.0
2026-08-04T21:30:09.843468,230.0,50.0
2026-08-04T21:30:13.223491,230.0,50.0
2026-08-04T21:30:16.600934,230.0,50.0
2026-08-04T21:30:20.554001,230.0,50.0
2026-08-04T21:30:24.558937,230.0,50.0
2026-08-04T21:30:28.554497,230.0,50.0
2026-08-04T21:30:32.572874,230.0,50.0
2026-08-04T21:30:35.850488,230.0,50.0
2026-08-04T21:30:39.232810,230.0,50.0
2026-08-04T21:30:42.608552,230.0,50.0
2026-08-04T21:30:46.563113,230.0,50.0
2026-08-04T21:30:50.569959,230.0,50.0
2026-08-04T21:30:54.566696,230.0,50.0
2026-08-04T21:30:57.866317,230.0,50.0
2026-08-04T21:31:01.250195,230.0,50.0
2026-08-04T21:31:04.572863,230.0,50.0
2026-08-04T21:31:08.579477,230.0,50.0
2026-08-04T21:31:12.578952,230.0,50.0
2026-08-04T21:31:16.578877,230.0,50.0
2026-08-04T21:31:20.580942,230.0,50.0
2026-08-04T21:31:24.583670,230.0,50.0
2026-08-04T21:31:28.691896,230.0,50.0
2026-08-04T21:31:32.588298,230.0,50.0
2026-08-04T21:31:36.590468,230.0,50.0
2026-08-04T21:31:40.591785,230.0,50.0
2026-08-04T21:31:44.594222,230.0,50.0
2026-08-04T21:31:48.600498,230.0,50.0
2026-08-04T21:31:52.596755,230.0,50.0
2026-08-04T21:31:56.599765,230.0,50.0
2026-08-04T21:32:00.603596,230.0,50.0
2026-08-04T21:32:04.627896,230.0,50.0
2026-08-04T21:32:07.912645,230.0,50.0
2026-08-04T21:32:11.290426,230.0,50.0
2026-08-04T21:32:15.800602,230.0,50.0
2026-08-04T21:32:19.183932,230.0,50.0
2026-08-04T21:32:22.612646,230.0,50.0
2026-08-04T21:32:26.612993,230.0,50.0
2026-08-04T21:32:30.615198,230.0,50.0
2026-08-04T21:32:34.622642,230.0,50.0
2026-08-04T21:32:38.987989,230.0,50.0
2026-08-04T21:32:42.620990,230.0,50.0
2026-08-04T21:32:46.622883,230.0,50.0
2026-08-04T21:32:50.630797,230.0,50.0
2026-08-04T21:32:54.629450,230.0,50.0
2026-08-04T21:32:58.630351,230.0,50.0
2026-08-04T21:33:01.893440,230.0,50.0
2026-08-04T21:33:05.675568,230.0,50.0
2026-08-04T21:33:08.964880,230.0,50.0
2026-08-04T21:33:12.637060,230.0,50.0
2026-08-04T21:33:16.639913,230.0,50.0
2026-08-04T21:33:20.640785,230.0,50.0
2026-08-04T21:33:24.642003,230.0,50.0
2026-08-04T21:33:28.650074,230.0,50.0
2026-08-04T21:33:32.648311,230.0,50.0
2026-08-04T21:33:36.652057,230.0,50.0
2026-08-04T21:33:40.653935,230.0,50.0
2026-08-04T21:33:43.958724,230.0,50.0
2026-08-04T21:33:47.231410,230.0,50.0
2026-08-04T21:33:50.657601,230.0,50.0
2026-08-04T21:33:53.888501,230.0,50.0
2026-08-04T21:33:57.189086,230.0,50.0
2026-08-04T21:34:00.658393,230.0,50.0
2026-08-04T21:34:03.945385,230.0,50.0
2026-08-04T21:34:07.199847,230.0,50.0
2026-08-04T21:34:10.666516,230.0,50.0
2026-08-04T21:34:14.666350,230.0,50.0
2026-08-04T21:34:18.667805,230.0,50.0
2026-08-04T21:34:21.944832,230.0,50.0
2026-08-04T21:34:25.227990,230.0,50.0
2026-08-04T21:34:28.709890,230.0,50.0
2026-08-04T21:34:32.675584,230.0,50.0
2026-08-04T21:34:36.681684,230.0,50.0
2026-08-04T21:34:39.974464,230.0,50.0
2026-08-04T21:34:43.461446,230.0,50.0
2026-08-04T21:34:46.935246,230.0,50.0
2026-08-04T21:34:50.683483,230.0,50.0
2026-08-04T21:34:54.686680,230.0,50.0
2026-08-04T21:34:57.995488,230.0,50.0
2026-08-04T21:35:01.371194,230.0,50.0
2026-08-04T21:35:04.748858,230.0,50.0
2026-08-04T21:35:08.693370,230.0,50.0
2026-08-04T21:35:12.697568,230.0,50.0
2026-08-04T21:35:16.699549,230.0,50.0
2026-08-04T21:35:20.700086,230.0,50.0
2026-08-04T21:35:24.697766,230.0,50.0
2026-08-04T21:35:27.891028,230.0,50.0
2026-08-04T21:35:31.271789,230.0,50.0
2026-08-04T21:35:39.886645,230.0,50.0
2026-08-04T21:35:48.453807,230.0,50.0
2026-08-04T21:35:56.941793,230.0,50.0
2026-08-04T21:36:05.441331,230.0,50.0
2026-08-04T21:36:13.896105,230.0,50.0
2026-08-04T21:36:24.320053,230.0,50.0
2026-08-04T21:36:32.786873,230.0,50.0
2026-08-04T21:36:41.351453,230.0,50.0
2026-08-04T21:36:46.145531,230.0,50.0
2026-08-04T21:36:50.751815,230.0,50.0
2026-08-04T21:36:55.134059,230.0,50.0
2026-08-04T21:36:59.521196,230.0,50.0
2026-08-04T21:37:04.735584,230.0,50.0
2026-08-04T21:37:09.174479,230.0,50.0
2026-08-04T21:37:13.791780,230.0,50.0
2026-08-04T21:37:18.758254,230.0,50.0
2026-08-04T21:37:23.305369,230.0,50.0
2026-08-04T21:37:27.701408,230.0,50.0
2026-08-04T21:37:32.996415,230.0,50.0
2026-08-04T21:37:37.493345,230.0,50.0
2026-08-04T21:37:41.941343,230.0,50.0
2026-08-04T21:37:46.915543,230.0,50.0
2026-08-04T21:37:51.266688,230.0,50.0
2026-08-04T21:37:55.765740,230.0,50.0
2026-08-04T21:38:00.846357,230.0,50.0
2026-08-04T21:38:05.288455,230.0,50.0
2026-08-04T21:38:09.651770,230.0,50.0
2026-08-04T21:38:14.771753,230.0,50.0
2026-08-04T21:38:19.214248,230.0,50.0
2026-08-04T21:38:23.720550,230.0,50.0
2026-08-04T21:38:28.800833,230.0,50.0
2026-08-04T21:38:33.175846,230.0,50.0
2026-08-04T21:38:37.747722,230.0,50.0
2026-08-04T21:38:42.826568,230.0,50.0
2026-08-04T21:38:47.375642,230.0,50.0
2026-08-04T21:38:51.727820,230.0,50.0
2026-08-04T21:38:56.868182,230.0,50.0
2026-08-04T21:39:01.311367,230.0,50.0
2026-08-04T21:39:05.815404,230.0,50.0
2026-08-04T21:39:10.886925,230.0,50.0
2026-08-04T21:39:15.328829,230.0,50.0
2026-08-04T21:39:19.836768,230.0,50.0
2026-08-04T21:39:24.810944,230.0,50.0
2026-08-04T21:39:29.265263,230.0,50.0
2026-08-04T21:39:33.678978,230.0,50.0
2026-08-04T21:39:38.852593,230.0,50.0
2026-08-04T21:39:43.389496,230.0,50.0
2026-08-04T21:39:47.898990,230.0,50.0
2026-08-04T21:39:52.874171,230.0,50.0
2026-08-04T21:39:57.312480,230.0,50.0
2026-08-04T21:40:02.036062,230.0,50.0
2026-08-04T21:40:06.817169,230.0,50.0
2026-08-04T21:40:11.460043,230.0,50.0
2026-08-04T21:40:16.061742,230.0,50.0
2026-08-04T21:40:20.830474,230.0,50.0
2026-08-04T21:40:25.276715,230.0,50.0
2026-08-04T21:40:29.782947,230.0,50.0
2026-08-04T21:40:34.971548,230.0,50.0
2026-08-04T21:40:39.606260,230.0,50.0
2026-08-04T21:40:44.006610,230.0,50.0
2026-08-04T21:40:48.892153,230.0,50.0
2026-08-04T21:40:53.436968,230.0,50.0
2026-08-04T21:40:57.941705,230.0,50.0
2026-08-04T21:41:02.911585,230.0,50.0
2026-08-04T21:41:07.456857,230.0,50.0
2026-08-04T21:41:11.965342,230.0,50.0
2026-08-04T21:41:16.940243,230.0,50.0
2026-08-04T21:41:21.390483,230.0,50.0
2026-08-04T21:41:25.761156,230.0,50.0
2026-08-04T21:41:30.918547,230.0,50.0
